pair,poi,ci_lo,ci_hi
primary_vs_nolstm,0.5744,0.5392000000000001,0.6100049999999999
primary_vs_nornd,0.5062,0.46859000000000006,0.543605
