pair,poi,ci_lo,ci_hi
pixel_vs_ray1_PRIMARY,1.0,1.0,1.0
pixel_vs_rayc_STEELMAN,0.6319444444444444,0.3958333333333333,0.8472222222222222
