pair,poi,ci_lo,ci_hi
pixel_vs_ray1_PRIMARY,1.0,1.0,1.0
pixel_vs_rayc_STEELMAN,0.6319444444444444,0.3819444444444444,0.8402777777777778
rayc_vs_ray1,0.9652777777777778,0.8888888888888888,1.0
pixel_vs_ray1_PER_EPISODE,0.7127777777777778,0.6761111111111111,0.7500138888888888
