pair,poi,ci_lo,ci_hi
pixel_vs_ray1_PRIMARY,1.0,1.0,1.0
pixel_vs_rayc_STEELMAN,0.6319444444444444,0.3956597222222225,0.8333333333333334
rayc_vs_ray1,0.9652777777777778,0.8819444444444444,1.0
